time_secs,x_ori,y_ori,z_ori,w_ori,x_angvel,y_angvel,z_angvel,x_linacc,y_linacc,z_linacc
0.04935932159423828,-0.02973869303976434,-0.020885420435010307,-0.24314611267408243,-0.9693087110105953,0.0010578056098893285,-0.0008873890619724988,0.0011200064327567818,-0.22555295,0.5589790500000011,9.77723005
0.09731030464172363,-0.029777378268330226,-0.020855136470344402,-0.24311044984248786,-0.9693171205563487,0.0006603783695027232,-0.0009236121550202369,0.0011644432088360193,-0.22555295,0.5589790500000011,9.77723005
0.13569092750549316,-0.02979781410649551,-0.02084934242895959,-0.24308413447648652,-0.9693232168686419,0.0011604221072047949,-0.0003149354888591915,0.00032381480559706693,-0.22555295,0.5589790500000011,9.77723005
0.18435883522033691,-0.02982544868517142,-0.020843470846713487,-0.24309816551843688,-0.9693189744637012,0.0012180812191218138,-0.0005164844915270803,0.0021769411396235228,-0.22555295,0.5589790500000011,9.77723005
0.23327183723449707,-0.029852115712729513,-0.02084100977941467,-0.24308928470116442,-0.9693204336865722,0.0010216401424258947,-0.0004529426223598419,0.0012724172556772828,-0.22555295,0.5589790500000011,9.77723005
0.28176426887512207,-0.029864452717013403,-0.020850585369713598,-0.24307464750014696,-0.9693235183860613,0.0006822615396231413,0.00037570719723589735,0.001214205869473517,-0.22555295,0.5589790500000011,9.77723005
0.3419003486633301,-0.029889026895135316,-0.02085507354862062,-0.24306117358812307,-0.9693260431209447,0.00013508182018995285,-0.0003355488006491213,0.0008746372768655419,-0.22555295,0.5589790500000011,9.77723005
0.393146276473999,-0.029904022896396067,-0.020865317017959403,-0.2430402324491982,-0.9693306109740842,0.0007082669762894511,0.00017545543960295628,0.0007910501444712281,-0.22555295,0.5589790500000011,9.77723005
0.4399721622467041,-0.029907956604005387,-0.02088651570547861,-0.24303279881023476,-0.9693318968732649,0.0002509612822905183,0.0006478203576989473,0.0009175457525998353,-0.22555295,0.5589790500000011,9.77723005
0.48838186264038086,-0.029927135741649208,-0.020903343086031673,-0.24301403046505426,-0.9693356476428886,0.00035485648550093174,0.000493901374284178,0.00019195838831365103,-0.22555295,0.5589790500000011,9.77723005
0.5367348194122314,-0.029962714493518755,-0.02091546141158186,-0.2429904628358957,-0.9693401952797158,0.0016841450706124306,2.20924848690629e-5,2.1324958652257894e-6,-0.22555295,0.5589790500000011,9.7674234
0.5855188369750977,-0.029978341935676625,-0.020936633798766948,-0.24296589043017086,-0.9693454144253422,0.0008662750478833914,0.0006822506547905506,0.0007596063660457729,-0.22555295,0.5589790500000011,9.7674234
0.6382184028625488,-0.029972375218131054,-0.020942633058763625,-0.24293656776657524,-0.9693528185785327,0.0002400972880423069,0.00011192337842658153,-0.0007535307668149471,-0.22555295,0.5589790500000011,9.7674234
0.7118818759918213,-0.02997107871126718,-0.0209526810162414,-0.24291431518536982,-0.9693582181408159,0.0003743586130440235,0.000814591534435749,0.00024403759744018305,-0.22555295,0.5589790500000011,9.7674234
0.734121561050415,-0.029972540428940965,-0.020969392335207383,-0.2428959258881292,-0.9693624196306954,0.0003908799262717366,0.0007450891425833105,-0.0004625036381185056,-0.22555295,0.5589790500000011,9.7674234
0.7872035503387451,-0.029979511575484768,-0.020985746523407695,-0.24287176136991084,-0.9693679048006634,0.0006972490809857845,0.00028506311355158687,-0.0002186966594308615,-0.22555295,0.5589790500000011,9.7674234
0.854724645614624,-0.029984520621688673,-0.021000736539101034,-0.2428495248903944,-0.9693729962446924,-0.00010412908159196377,0.0005877580260857939,-0.0008271266706287862,-0.22555295,0.5589790500000011,9.7674234
0.8895611763000488,-0.029981435172650544,-0.02101075549990968,-0.24283296129554327,-0.969377023972999,0.0002629177179187536,0.00043146754615008826,-0.00031405431218445306,-0.22555295,0.5589790500000011,9.7674234
0.9414551258087158,-0.029979991154746484,-0.02101369541018961,-0.24279902431202866,-0.9693855056316327,0.0008331700228154659,2.1992105757817494e-5,-0.0010672877542674541,-0.22555295,0.5589790500000011,9.7674234
0.9865517616271973,-0.02997777236183073,-0.021019585034255342,-0.24275965568865865,-0.9693953062497949,-9.177799802273512e-5,-2.7585308998823234e-5,-0.0005519944243133068,-0.22555295,0.5589790500000011,9.7674234
1.0498251914978027,-0.029960712516188565,-0.02102824469686762,-0.24272560982789282,-0.9694041711093309,-0.00082269252743572,0.0004957952187396585,-0.00047341571189463144,-0.2157463,0.5589790500000011,9.77723005
1.0904362201690674,-0.029947571362720957,-0.021033228829434848,-0.24268808104198053,-0.9694138649589475,9.77454474195838e-5,-0.000160430179676041,-1.623830758035181e-5,-0.2157463,0.5589790500000011,9.77723005
1.1367888450622559,-0.02992443606373549,-0.021041647872893737,-0.2426342762795894,-0.9694278648539768,-0.00042656424921005964,0.001057162648066878,-0.0011957895476371052,-0.2157463,0.5589790500000011,9.77723005
1.1942005157470703,-0.029909679082835917,-0.02105171351958192,-0.24258111730268545,-0.9694414051314456,-6.971927359700203e-5,0.00047249259660020454,-0.0014188713394105434,-0.2157463,0.5589790500000011,9.77723005
1.2419095039367676,-0.02989447535374153,-0.02104898448079672,-0.24252900011034312,-0.9694549730137696,-0.0005795595934614539,9.327201405540091e-5,-0.001391746336594224,-0.2157463,0.5589790500000011,9.77723005
1.2919034957885742,-0.02986630147338305,-0.021050986612498532,-0.2424718098937162,-0.9694701034100057,-0.0003902682801708579,0.0007042990764603017,-0.001570055726915598,-0.2157463,0.5589790500000011,9.77723005
1.3396778106689453,-0.029858388823344028,-0.02103361812721591,-0.24241909785777943,-0.9694839062713587,-0.00012107333168387413,-0.0008717289892956616,-0.0012225535465404391,-0.2157463,0.5589790500000011,9.77723005
1.3895325660705566,-0.02983729662822079,-0.021013284750225396,-0.2423642276058105,-0.9694987151982019,-0.0008054849458858371,-0.0005389392608776691,-0.0014801096403971314,-0.2157463,0.5589790500000011,9.77723005
1.4374091625213623,-0.029824732893649362,-0.02101552734791704,-0.24229868781798358,-0.9695154350497959,7.649429608136415e-5,0.00016695479280315315,-0.002059345133602619,-0.2157463,0.5589790500000011,9.77723005
1.5051183700561523,-0.029801097166359824,-0.02099889557806079,-0.24223467160376388,-0.9695325187249779,-0.000696685747243464,0.000679734395816922,-0.0018206037348136306,-0.2157463,0.5589790500000011,9.77723005
1.5476205348968506,-0.029779341970261775,-0.020985436689445455,-0.24217640460971795,-0.969548034544489,-0.0011398829519748688,-0.000274032761808485,-0.0017412713496014476,-0.2157463,0.5491724000000012,9.7674234
1.586028814315796,-0.02976120777075519,-0.020973023498288446,-0.24210289625235032,-0.9695672181048562,-0.0005549051566049457,-5.32313424628231e-5,-0.0024805953726172447,-0.2157463,0.5491724000000012,9.7674234
1.6354873180389404,-0.02974601392482953,-0.020937230850969723,-0.24202531573016767,-0.9695878266385102,-0.00031657086219638586,-0.0009142886847257617,-0.002475864253938198,-0.2157463,0.5491724000000012,9.7674234
1.6863906383514404,-0.029733577373216996,-0.020916207411274382,-0.24195798334464003,-0.9696054666408982,-6.286229472607374e-5,-0.0008182007586583497,-0.0017474680207669735,-0.2157463,0.5491724000000012,9.7674234
1.7365789413452148,-0.029717542197522297,-0.020884010557600585,-0.24189588220078656,-0.9696221470052505,-0.0009477674029767513,-0.0012418495025485756,-0.002192717744037509,-0.2157463,0.5491724000000012,9.7674234
1.7903614044189453,-0.02971812478740184,-0.020865194538783244,-0.2418186460114649,-0.9696417994069566,-0.0003083278425037861,-0.0006161769852042201,-0.0026163412258028984,-0.2157463,0.5491724000000012,9.7674234
1.8388659954071045,-0.02969860934568467,-0.020835723236733737,-0.24174322299046702,-0.9696618376415129,-0.0012378634419292212,-0.0006467328057624403,-0.002252225298434496,-0.2157463,0.5491724000000012,9.7674234
1.8876848220825195,-0.02970251448726567,-0.020802390159701614,-0.24166149198535325,-0.9696828061217699,0.0001818239688873291,-0.0010727820917963986,-0.0028264448046684265,-0.2157463,0.5491724000000012,9.7674234
1.937941551208496,-0.029709902310990532,-0.020780037209151798,-0.24157522968627715,-0.9697045530264773,0.0006145336665213108,-0.0009886128827929501,-0.003272679867222905,-0.2157463,0.5491724000000012,9.7674234
1.9871361255645752,-0.02969876569645045,-0.02075503269697376,-0.2414959947453098,-0.9697251654235999,-0.0011325078085064888,-0.0009346405277028683,-0.0024966138880699873,-0.2157463,0.5491724000000012,9.7674234
2.0521605014801025,-0.029706804652992726,-0.020717695457465914,-0.2414209649825933,-0.9697443995812062,0.00022977718617767096,-0.001684196875430644,-0.0028207413852214813,-0.2157463,0.5491724000000012,9.7674234
2.0841498374938965,-0.02970751790422078,-0.020688389791467348,-0.24134280301829591,-0.9697644586903971,0.0001280053984373808,-0.001588717568665743,-0.0025051997508853674,-0.2157463,0.5491724000000012,9.7674234
2.133185386657715,-0.02971304481811313,-0.02066136919976347,-0.2412584753663481,-0.9697858479346526,-7.537368219345808e-5,-0.001547631225548685,-0.003123148810118437,-0.2157463,0.5491724000000012,9.7674234
2.1822032928466797,-0.029720488768892234,-0.020631163021325907,-0.24117182057706843,-0.9698078163323227,0.0006273949984461069,-0.0017974907532334332,-0.003200974548235535,-0.2157463,0.5491724000000012,9.7674234
2.2417550086975098,-0.029726099064298114,-0.02059512053433446,-0.24108003559955676,-0.9698312309262432,0.00010129599831998348,-0.0013430566759780054,-0.0032791909761726856,-0.2157463,0.5491724000000012,9.7674234
2.291041612625122,-0.029741484744522716,-0.02055986782674079,-0.24098984170882964,-0.9698539230798064,0.0005028297891840339,-0.001698155421763659,-0.0027774665504693985,-0.2157463,0.5491724000000012,9.7674234
2.3400321006774902,-0.029751143411911405,-0.020527098958455486,-0.24088097824568744,-0.9698813649067777,0.0004872176796197891,-0.0010273193474859004,-0.003651917912065983,-0.2157463,0.5491724000000012,9.7674234
2.387334108352661,-0.02975904820207566,-0.020496209824008543,-0.24078090994663476,-0.9699066232572222,0.00010632246267050505,-0.0016065181698650126,-0.003683826420456171,-0.2157463,0.5491724000000012,9.7674234
2.437495708465576,-0.029769419677530315,-0.020458792277463188,-0.24068026059388742,-0.9699320757821492,0.0010043218499049544,-0.0017215376719832425,-0.0036028926260769367,-0.2157463,0.5491724000000012,9.7674234
2.486678123474121,-0.02977484862082426,-0.02043848350727001,-0.24058014018565854,-0.9699571758226129,0.0002408705186098814,-0.0004276024701539432,-0.003855001414194703,-0.2157463,0.5491724000000012,9.7674234
2.534301519393921,-0.029774875016915503,-0.020410629030676804,-0.24049143111938298,-0.969979759891128,4.133791662752628e-5,-0.0008073191856965427,-0.003209723625332117,-0.2157463,0.5491724000000012,9.7674234
2.5847489833831787,-0.02977679875797795,-0.020386595211159257,-0.24038946686703638,-0.9700054810210123,-0.00015644566155970097,-0.0009238669881597166,-0.0037483680061995983,-0.2157463,0.5491724000000012,9.7674234
2.6338930130004883,-0.029785512337743552,-0.020366228476832133,-0.24029335497590104,-0.9700294549892974,0.00022184604313224554,-0.0013542089145630602,-0.0038335868157446384,-0.2157463,0.5491724000000012,9.7674234
2.688281536102295,-0.029796904411704146,-0.020341842684631944,-0.24017751867055004,-0.9700583041492563,0.0005570885259658098,-0.0010851863771677022,-0.004031010437756777,-0.2157463,0.5491724000000012,9.7674234
2.7307281494140625,-0.029804224261905526,-0.020323032039762868,-0.24007967650245998,-0.9700826931325655,0.00034198525827378035,-0.0005328352563083177,-0.004004243761301041,-0.2157463,0.5491724000000012,9.7674234
2.7893502712249756,-0.029813249488817122,-0.02029893070480098,-0.23996147544737317,-0.9701121656119354,-1.2658885680139065e-5,-0.0007350376108661299,-0.0043204654939472675,-0.2157463,0.5491724000000012,9.7674234
2.840181589126587,-0.02982548459350783,-0.020287746459211355,-0.23985314088872933,-0.9701388140973335,0.00014160980936139822,-0.00034279085230082317,-0.0033786483108997345,-0.2157463,0.5491724000000012,9.7674234
2.8875019550323486,-0.029839994347336352,-0.020278681564397837,-0.23975314497164046,-0.9701632745510256,0.0007313253590837121,3.8295111153270065e-6,-0.0038438579067587852,-0.2157463,0.5491724000000012,9.7674234
2.936793327331543,-0.029845410989567573,-0.020284446265512082,-0.23965717338428616,-0.9701866995212929,0.00034169794525951147,0.00012351825716905247,-0.003913519904017448,-0.2157463,0.5491724000000012,9.7674234
2.9853739738464355,-0.029856253901645247,-0.020283571233519516,-0.2395523147815532,-0.9702122805467753,0.0008109469199553132,6.933286204002747e-5,-0.004100540187209845,-0.2157463,0.5491724000000012,9.7674234
3.047943592071533,-0.029867009183224446,-0.020296520979251158,-0.23943764283433333,-0.9702399848452581,0.000917301862500608,0.0004929857095703477,-0.004616902209818363,-0.22555295,0.5491724000000012,9.77723005
3.0839450359344482,-0.029875179335353375,-0.02030083077576119,-0.2393125140564819,-0.9702705141069992,-3.457232378423214e-5,4.6908622607588124e-5,-0.005277296528220177,-0.22555295,0.5491724000000012,9.77723005
3.1329362392425537,-0.029887408507677245,-0.0203068315276083,-0.23918981605938522,-0.9703002665667376,0.0002518132096156478,-0.0005558384582400327,-0.0047965263947844505,-0.22555295,0.5491724000000012,9.77723005
3.183567523956299,-0.02989130854654667,-0.020326817646357666,-0.23907973447227165,-0.9703268576734414,0.0004852954298257828,0.000769560865592211,-0.003834703704342246,-0.22555295,0.5491724000000012,9.77723005
3.2333061695098877,-0.029887234071735633,-0.020338874502947857,-0.23895963294844896,-0.9703563145796688,0.00022301811259239912,0.0004965161206200713,-0.0047948844730854034,-0.22555295,0.5491724000000012,9.77723005
3.2839243412017822,-0.029880898775469737,-0.02034954317554677,-0.23883816098234134,-0.9703861915956398,-0.0002178539289161563,0.00038933128234930277,-0.004802473355084658,-0.22555295,0.5491724000000012,9.77723005
3.3328158855438232,-0.02988931180509943,-0.020361196521737616,-0.23869911160015,-0.970419901299082,0.0005363211967051029,7.820379687473117e-5,-0.004942864645272493,-0.22555295,0.5491724000000012,9.77723005
3.393528938293457,-0.029876838636035907,-0.020380156057491706,-0.23856249025039128,-0.9704534826552588,-0.00023927772417664528,0.00084140698891133,-0.005184203386306763,-0.22555295,0.5491724000000012,9.77723005
3.4500129222869873,-0.02987560718604684,-0.020390440121821635,-0.23843720090315185,-0.9704840953216973,0.0003878241404891014,3.846333129330831e-6,-0.005216213874518871,-0.22555295,0.5491724000000012,9.77723005
3.495753288269043,-0.02986182548558706,-0.020383908044442622,-0.23830756434676453,-0.9705164977714786,-0.001068991026841104,-0.0005693933926522738,-0.005149370990693569,-0.22555295,0.5491724000000012,9.77723005
3.5438404083251953,-0.02985409019650311,-0.02038695921965187,-0.23816612480906724,-0.9705513908009957,6.439001299440861e-5,0.00030788814183324505,-0.005702577996999025,-0.2157463,0.5589790500000011,9.75761675
3.5913307666778564,-0.029848592176664704,-0.02039241388945802,-0.23804361150244135,-0.9705815009692422,3.223167732357979e-5,0.00011021681712008957,-0.004493828862905502,-0.2157463,0.5589790500000011,9.75761675
3.639932155609131,-0.029842972896547484,-0.02038449698253808,-0.23791601029851112,-0.970613126479909,-0.00021277798805385828,-0.0007964678807184107,-0.004877367056906223,-0.2157463,0.5589790500000011,9.75761675
3.7022507190704346,-0.02983656618431933,-0.020392361254757033,-0.23779404099454182,-0.970643047153932,-0.00032027019187808037,0.00036266041570343023,-0.0042685470543801785,-0.2157463,0.5589790500000011,9.75761675
3.7376344203948975,-0.029830872609719034,-0.020386006537801392,-0.23766642846689928,-0.9706746100298347,-8.816632907837629e-5,-0.0002830892044585205,-0.0057030925527215,-0.2157463,0.5589790500000011,9.75761675
3.7842233180999756,-0.02980726997110777,-0.02038096506547718,-0.23752737843974064,-0.9707094763168914,-0.0005740458145737648,1.7352140275760848e-5,-0.005199141800403595,-0.2157463,0.5589790500000011,9.75761675
3.831949234008789,-0.02979962361120875,-0.020371359302599455,-0.23739261075478962,-0.9707428797121408,-0.00047831470146775246,-0.0004309646028559661,-0.005018138326704502,-0.2157463,0.5589790500000011,9.75761675
3.8899474143981934,-0.02978964922721702,-0.02036621180899464,-0.23725444420056546,-0.9707770716918233,-0.000515588209964335,-0.0005446884897537536,-0.005409843288362026,-0.2157463,0.5589790500000011,9.75761675
3.9439780712127686,-0.02978437574882848,-0.020350919968670493,-0.2371204450428953,-0.9708102932913003,4.0907179936766624e-6,-0.0007527501438744373,-0.005615232512354851,-0.2157463,0.5589790500000011,9.75761675
3.990596055984497,-0.029776871199770155,-0.020342689498932802,-0.23699128347593118,-0.970842234599388,-0.0007624803110957146,-0.0004913426819257445,-0.00546656921505928,-0.2157463,0.5589790500000011,9.75761675
4.067527770996094,-0.029779347518853284,-0.020335769509165453,-0.23685309056144388,-0.970876027323424,0.0003639328060671687,-0.0005163876921869821,-0.0056516192853450775,-0.20593965,0.5589790500000011,9.77723005
4.090231418609619,-0.029779725747954563,-0.02031082146624218,-0.2367045088355727,-0.9709127736118488,0.0003487482899799943,-0.0012022225419059402,-0.0054773748852312565,-0.20593965,0.5589790500000011,9.77723005
4.135963678359985,-0.029773667226193668,-0.020287249146615123,-0.23657911071158405,-0.970944015191856,-0.00020794267766177654,-0.0012628477998077876,-0.005483224056661129,-0.20593965,0.5589790500000011,9.77723005
4.185825824737549,-0.02978328169082497,-0.020260253175088352,-0.23643744665805294,-0.9709787907523143,0.00016317109111696482,-0.0010471387067809707,-0.00549798458814621,-0.20593965,0.5589790500000011,9.77723005
4.233410120010376,-0.029796316790899006,-0.02023220977218272,-0.23630846781295545,-0.9710103733912034,0.00047374446876347065,-0.0012147118104621775,-0.00484817661345005,-0.20593965,0.5589790500000011,9.77723005
4.281959056854248,-0.02979527755587664,-0.02020492071993299,-0.23616796714721822,-0.9710451554421247,-0.0005560818826779723,-0.001039842842146755,-0.005557986907660961,-0.20593965,0.5589790500000011,9.77723005
4.341172695159912,-0.02981015592720095,-0.02018579535033308,-0.23601444559990964,-0.9710824217015968,0.001053857384249568,-0.00044097655336372625,-0.005948988720774651,-0.20593965,0.5589790500000011,9.77723005
4.380017280578613,-0.029817689137418158,-0.02016028930043426,-0.23587341980559418,-0.9711169847032031,0.00022276025265455246,-0.0011074002832174308,-0.00598056148737669,-0.20593965,0.5589790500000011,9.77723005
4.446690320968628,-0.02981821123908363,-0.02013987979052581,-0.23572988973646647,-0.9711522427536055,0.0006918739527463913,-0.0007416073931381114,-0.005960721522569656,-0.20593965,0.5589790500000011,9.77723005
4.551438331604004,-0.02983225496450084,-0.020102041183847157,-0.23559911842237113,-0.971184328488973,0.0004152103792876005,-0.001632910803891719,-0.006017719861119986,-0.20593965,0.5589790500000011,9.77723005
4.577212810516357,-0.029847091654677613,-0.020066286083005636,-0.2354577630965604,-0.9712188924645957,0.0006331371841952205,-0.0014367606490850455,-0.005769466981291771,-0.20593965,0.5589790500000011,9.77723005
4.587826490402222,-0.02986047167748743,-0.020038348465380017,-0.23531587814139449,-0.9712534449444812,-3.9674341678619385e-7,-0.0010816794820129878,-0.00576157309114933,-0.20593965,0.5589790500000011,9.77723005
4.6481311321258545,-0.02988298509492245,-0.019998259396802227,-0.23514208823779864,-0.9712956682504468,0.0008014794439077377,-0.001675176550634206,-0.0058239237405359745,-0.20593965,0.5589790500000011,9.77723005
4.6919026374816895,-0.029893616203693178,-0.019978682304880188,-0.23503721365319946,-0.9713211272085908,0.0003402621950954199,-0.0008431000169366606,-0.005916127003729343,-0.20593965,0.5589790500000011,9.77723005
4.733548879623413,-0.029914556629141238,-0.01994977187147967,-0.2348962537830253,-0.9713551749296743,0.0007090205326676369,-0.0015674100723117596,-0.005565842147916555,-0.20593965,0.5589790500000011,9.77723005
4.7828896045684814,-0.02993850511701273,-0.01992068615603031,-0.23474627970781065,-0.9713912889962386,0.0004653938813135028,-0.0010741467121988544,-0.006392046809196472,-0.20593965,0.5589790500000011,9.77723005
4.842496156692505,-0.02994790655251224,-0.01988614320770147,-0.2345802144062808,-0.971431823243684,-4.668033216148615e-5,-0.002277779858559371,-0.007032905705273151,-0.20593965,0.5589790500000011,9.77723005
4.892301559448242,-0.02995083608617567,-0.01987575701958419,-0.23443487965804044,-0.9714670292399827,0.0001389204990118742,-0.0007130242884159096,-0.005942154675722122,-0.20593965,0.5589790500000011,9.77723005
4.939779758453369,-0.02996717266247165,-0.01987641812583485,-0.2342845519809557,-0.97150277676813,0.0007164024282246828,-0.00028708731406368397,-0.006661989726126194,-0.20593965,0.5589790500000011,9.77723005
4.989601373672485,-0.029965451855975243,-0.01986472286937496,-0.23412742603854986,-0.9715409475966279,-0.00022063835058361292,-0.0002069215115625419,-0.0063991062343120575,-0.20593965,0.5589790500000011,9.77723005
5.060135364532471,-0.029973278248850425,-0.01985391935984799,-0.2339867910019527,-0.9715748072658523,0.0001241409918293357,-0.0006749542662873871,-0.00557932211086154,-0.20593965,0.5491724000000012,9.77723005
5.0886383056640625,-0.029983594628059773,-0.019853079914881916,-0.2338417889533665,-0.9716094158715027,0.00034417188726365566,-0.00011168728815391732,-0.0058294725604355335,-0.20593965,0.5491724000000012,9.77723005
5.154537677764893,-0.029985394923884346,-0.019847972562332894,-0.23369426048784542,-0.9716449591756562,0.0004516181070357561,-0.0003649344725999989,-0.00632840720936656,-0.20593965,0.5491724000000012,9.77723005
5.18662691116333,-0.02998446810757632,-0.0198503919581677,-0.23353753170441555,-0.9716826204563,-0.00017597980331629515,-0.00021237778128124852,-0.0063911606557667255,-0.20593965,0.5491724000000012,9.77723005
5.237114906311035,-0.02998723606107789,-0.01985594341743313,-0.23338579283929228,-0.9717188785267041,-9.425741154700518e-5,-0.00021783472038805555,-0.005747176706790924,-0.20593965,0.5491724000000012,9.77723005
5.283916473388672,-0.029997458447073213,-0.019871184237062932,-0.23324373057564984,-0.9717523607745371,0.0005773280281573534,0.0004902490763925009,-0.0056974999606609344,-0.20593965,0.5491724000000012,9.77723005
5.3422791957855225,-0.030011478255123427,-0.019883106743167504,-0.23309206939608618,-0.9717880738225964,0.0007486534304916859,0.000623295898549258,-0.005908824037760496,-0.20593965,0.5491724000000012,9.77723005
5.393635988235474,-0.030006469672716737,-0.019896680184292068,-0.2329404305730896,-0.9718243100992319,0.00032578548416495323,0.0004370852548163376,-0.006556487642228603,-0.20593965,0.5491724000000012,9.77723005
5.437881231307983,-0.03000328871424978,-0.01989787077213557,-0.23279383559852246,-0.9718595101723255,0.00012381712440401316,0.0001055426255334161,-0.006348228082060814,-0.20593965,0.5491724000000012,9.77723005
5.490047454833984,-0.03001980835497738,-0.01989914327769805,-0.23263611336220102,-0.9718967403808252,0.0006603458896279335,-0.00026686216006055556,-0.006442351266741753,-0.20593965,0.5491724000000012,9.77723005
5.538175582885742,-0.03001871982624806,-0.019912823381557178,-0.23249305060015452,-0.9719307266197535,1.1912663467228413e-5,0.00031778612174093653,-0.005867640022188425,-0.2157463,0.5491724000000012,9.7674234
5.584429979324341,-0.030007754109255214,-0.01992351678370833,-0.232358502753314,-0.9719630210921226,-0.00010534271132200956,0.0003193814773112528,-0.006251880899071693,-0.2157463,0.5491724000000012,9.7674234
5.634596824645996,-0.030005383406747646,-0.01994184043081174,-0.23221102792800052,-0.9719979621766022,0.00032656698022037745,0.0006781806005164972,-0.0066576674580574036,-0.2157463,0.5491724000000012,9.7674234
5.686979055404663,-0.02999754113928769,-0.019946973277405754,-0.23206314342672235,-0.9720334167329718,-2.745527308434248e-5,0.0005585339968092732,-0.006577054969966412,-0.2157463,0.5491724000000012,9.7674234
5.741624355316162,-0.0299977835046846,-0.01995475055038707,-0.23190293817036955,-0.9720714830624484,0.0004758019931614399,0.0005071534542366855,-0.006092634052038193,-0.2157463,0.5491724000000012,9.7674234
5.7901787757873535,-0.02999556346746216,-0.019961017297703422,-0.23179135907411236,-0.9720980350866297,0.00042720534838736057,0.0002540402347221963,-0.0061499010771512985,-0.2157463,0.5491724000000012,9.7674234
5.8384997844696045,-0.029993628389096725,-0.0199658343622415,-0.23164624865256195,-0.9721325851958011,0.0007054663728922606,-0.0001716958067845561,-0.006353050470352173,-0.2157463,0.5491724000000012,9.7674234
5.8875603675842285,-0.02999557887928118,-0.019970023153658138,-0.23148939805776536,-0.9721698010171846,0.00028002553153783083,0.0004108148859813801,-0.00661874283105135,-0.2157463,0.5491724000000012,9.7674234
5.937544345855713,-0.029981760830537236,-0.019974677334015856,-0.2313298567174133,-0.9722081071838496,-0.00037903175689280033,3.770823241211392e-5,-0.0067129977978765965,-0.2157463,0.5491724000000012,9.7674234
5.989242792129517,-0.03000146672694432,-0.01997030355608119,-0.23125753421473944,-0.9722247949106362,0.001991665456444025,-0.000258875545114279,-0.0018536237766966224,-0.2157463,0.5491724000000012,9.7674234
6.036387920379639,-0.029983528522349878,-0.019927946080613126,-0.2311631132928395,-0.9722486719122424,-0.0001801098696887493,-0.0007539038197137421,-0.004747618921101093,-0.2157463,0.5589790500000011,9.7674234
6.098656892776489,-0.03000659540088743,-0.01988648384641732,-0.23104348564458477,-0.9722772442744272,5.158234853297472e-5,-0.001231135101988912,-0.004083918407559395,-0.2157463,0.5589790500000011,9.7674234
6.134627103805542,-0.030043619512392004,-0.01988732923526753,-0.2309606673898854,-0.9722957601374704,0.004634658340364695,-0.0001412358833476907,-0.0048493617214262486,-0.2157463,0.5589790500000011,9.7674234
6.184492349624634,-0.030032824476480913,-0.01986528623537053,-0.23085665530468186,-0.9723212455553396,-0.0018285750411450863,-0.0012415964156389243,-0.004472449421882629,-0.2157463,0.5589790500000011,9.7674234
6.233800649642944,-0.030114212560023838,-0.01988935668150224,-0.23074260642900785,-0.9723453076304908,0.0027363430708646774,0.00019081209029536643,-0.004222780466079712,-0.2157463,0.5589790500000011,9.7674234
6.29056978225708,-0.030132183168020285,-0.019905469445897328,-0.23064094067329383,-0.9723685414023869,0.0020900010131299496,0.00011375648318789841,-0.004744675941765308,-0.2157463,0.5589790500000011,9.7674234
6.3396100997924805,-0.030208270280835035,-0.01994762293945406,-0.2305144459618127,-0.9723953120766387,0.0028110528364777565,0.0011304882355034345,-0.00507703609764576,-0.2157463,0.5589790500000011,9.7674234
6.390102863311768,-0.030268932722165368,-0.019999670814118957,-0.23040796907971517,-0.9724175917082891,0.0037496453151106834,0.0020533041097223754,-0.004616678226739168,-0.2157463,0.5589790500000011,9.7674234
6.4406116008758545,-0.030370705544154792,-0.020106235456158417,-0.23028173400106833,-0.9724421229697904,0.006005444098263979,0.0034401938319206233,-0.005135027226060629,-0.2157463,0.5589790500000011,9.7674234
6.488382577896118,-0.030460573200569174,-0.02024730998859479,-0.2301658862978605,-0.9724638115134356,0.007479913532733917,0.00517190434038639,-0.005005449522286654,-0.2157463,0.5589790500000011,9.7674234
6.53875994682312,-0.030548851506190904,-0.02042849624234483,-0.23004063131362062,-0.9724868904811828,0.0062955208122730255,0.00735626695677638,-0.005511300172656775,-0.22555295,0.5491724000000012,9.77723005
6.584272861480713,-0.03065078294351303,-0.02064700019112185,-0.22991121910894002,-0.9725096720423393,0.0034347781911492348,0.007654577959328889,-0.0062588630244135865,-0.22555295,0.5491724000000012,9.77723005
6.635603904724121,-0.030815227585754876,-0.020883092956407896,-0.22978503648525384,-0.972529256724384,0.010496560484170914,0.008362743072211742,-0.006002932786941529,-0.22555295,0.5491724000000012,9.77723005
6.683945655822754,-0.03095638113348573,-0.021180268070558946,-0.2296317437993074,-0.9725545542288447,0.009586631320416927,0.01031479425728321,-0.005392522551119328,-0.22555295,0.5491724000000012,9.77723005
6.7376604080200195,-0.03108744891467044,-0.021493795343452457,-0.22950068780765664,-0.9725744298394463,0.007497619371861219,0.012450037524104118,-0.005513314157724382,-0.22555295,0.5491724000000012,9.77723005
6.791154384613037,-0.03126823562399044,-0.021887608768176692,-0.22935895610156015,-0.9725932856437867,0.010590663179755211,0.013395802117884159,-0.005572929978370668,-0.22555295,0.5491724000000012,9.77723005
6.8686747550964355,-0.0314225448070708,-0.022307856391356913,-0.22922504769721552,-0.972610333447717,0.010805031284689903,0.015112031251192093,-0.005766802467405798,-0.22555295,0.5491724000000012,9.77723005
6.8882880210876465,-0.03159042670708264,-0.022783021735708658,-0.229071381410544,-0.9726300843998811,0.011068918742239475,0.017082814127206802,-0.006360515020787718,-0.22555295,0.5491724000000012,9.77723005
6.938030004501343,-0.03178248875238403,-0.02336042706399987,-0.22893002996172557,-0.9726434111419329,0.011663686484098434,0.020656777545809746,-0.005577890202403071,-0.22555295,0.5491724000000012,9.77723005
6.988859415054321,-0.03194612098852791,-0.023906638769844033,-0.22879247775419287,-0.9726571441672609,0.01396262925118208,0.021468007937073708,-0.006169052794575694,-0.22555295,0.5491724000000012,9.77723005
7.0452024936676025,-0.032135637431000175,-0.024631280550314986,-0.22862399435246944,-0.972672437170745,0.011794491671025753,0.023024797439575195,-0.00610569538548589,-0.28439285000000003,0.6080123000000012,9.7674234
7.0853211879730225,-0.03229484650180014,-0.025217159914507233,-0.228496867203401,-0.9726820237947769,0.014589977450668812,0.026845917105674744,-0.006617447361350063,-0.28439285000000003,0.6080123000000012,9.7674234
7.133312940597534,-0.03245986505750325,-0.02600536704705207,-0.22835616077620063,-0.9726888206825196,0.01451037172228098,0.02966895140707493,-0.005173340439796451,-0.28439285000000003,0.6080123000000012,9.7674234
7.181247234344482,-0.03261497562321292,-0.026764319400196728,-0.2282265525170762,-0.9726934642004703,0.01471922267228365,0.02998257800936699,-0.005818420089781288,-0.28439285000000003,0.6080123000000012,9.7674234
7.230354070663452,-0.032774326615414726,-0.027606211759198897,-0.22810510778420207,-0.9726930658691721,0.01332237757742405,0.03289087861776352,-0.005142914131283764,-0.28439285000000003,0.6080123000000012,9.7674234
7.2891857624053955,-0.03295531433718589,-0.028548059778363572,-0.2279579560791019,-0.9726942612147285,0.016118573024868965,0.03374682366847992,-0.005541718564927582,-0.28439285000000003,0.6080123000000012,9.7674234
7.3373847007751465,-0.03310052244594365,-0.029476883954093987,-0.22784292339481504,-0.9726885786237376,0.014466476626694202,0.037350792437791824,-0.005171901546418671,-0.28439285000000003,0.6080123000000012,9.7674234
7.388571262359619,-0.033274795835670924,-0.03039642854648213,-0.2277162326516129,-0.972683999293023,0.018324056640267372,0.035274140536785126,-0.0057277069427073045,-0.28439285000000003,0.6080123000000012,9.7674234
7.4353251457214355,-0.03341431940000803,-0.031438129379051244,-0.22759967894741917,-0.9726733847614069,0.013082445599138737,0.03917139023542404,-0.004895775113254791,-0.28439285000000003,0.6080123000000012,9.7674234
7.484676837921143,-0.033606107554172565,-0.0325124426611437,-0.22749469269193567,-0.9726560211114026,0.018571313470602036,0.04091012105345726,-0.0047302553430199675,-0.28439285000000003,0.6080123000000012,9.7674234
7.533395051956177,-0.03375042542014964,-0.03361803546611149,-0.22739650451584142,-0.9726363997966224,0.016210973262786865,0.041707608848810196,-0.004652635194361215,-0.44129925000000003,0.6864655000000013,9.75761675
7.585993528366089,-0.03392816468029556,-0.03471471618943438,-0.22729146131443645,-0.9726162448442148,0.017959628254175186,0.0416099838912487,-0.004758264869451528,-0.44129925000000003,0.6864655000000013,9.75761675
7.632330417633057,-0.03408165652704323,-0.035780745232980825,-0.22717416758280812,-0.9725996486437795,0.01707550138235092,0.040785424411296844,-0.005587165709584957,-0.44129925000000003,0.6864655000000013,9.75761675
7.694743394851685,-0.03427185186689639,-0.03688195701448588,-0.22708375359917904,-0.9725729434174603,0.018534937873482704,0.04290114715695381,-0.0038088622968643956,-0.44129925000000003,0.6864655000000013,9.75761675
7.729742765426636,-0.03444122796109764,-0.038058895967384404,-0.22697100535240672,-0.9725479345428653,0.018888523802161217,0.04568854719400406,-0.0046485215425491385,-0.44129925000000003,0.6864655000000013,9.75761675
7.789536952972412,-0.034655691868359935,-0.039290524330130555,-0.22686794459594606,-0.9725153846771779,0.017877433449029922,0.04368922859430313,-0.004148940555751329,-0.44129925000000003,0.6864655000000013,9.75761675
7.838255405426025,-0.034888298179092385,-0.0404633623148608,-0.2267907611230236,-0.9724769784573732,0.020842954516410828,0.04226338118314743,-0.0031155189499259047,-0.44129925000000003,0.6864655000000013,9.75761675
7.887279272079468,-0.03511521799574722,-0.041671637159482175,-0.2267170773008551,-0.97243496593948,0.020121019333600998,0.04382281005382538,-0.00235915463417769,-0.44129925000000003,0.6864655000000013,9.75761675
7.936489105224609,-0.03533909321954151,-0.042712620175920785,-0.22667231800682325,-0.9723921229717679,0.021953672170639038,0.04469366744160652,-0.0022943087387830075,-0.44129925000000003,0.6864655000000013,9.75761675
8.004863500595093,-0.035645650512061006,-0.04405269820067716,-0.2266177234293285,-0.972333870030516,0.02149178646504879,0.04321981966495514,-0.0016348550561815552,-0.44129925000000003,0.6864655000000013,9.75761675
8.052122116088867,-0.03591831791487775,-0.04508580266512767,-0.2265583830186434,-0.9722903084573993,0.023863622918725014,0.042740244418382645,-0.0022077965550124697,-0.65704555,0.7845320000000012,9.7281968
8.085208177566528,-0.0362312566545588,-0.046242697948364386,-0.2265309053217564,-0.9722307636882273,0.02511598914861679,0.04356582835316658,-2.0681181922608324e-6,-0.65704555,0.7845320000000012,9.7281968
8.132052898406982,-0.03657111254696546,-0.04736084050535606,-0.22646187260601952,-0.9721802943741857,0.023446781560778618,0.03885013982653618,-0.0028967135585844564,-0.65704555,0.7845320000000012,9.7281968
8.191506624221802,-0.036974259911952176,-0.04847124227699272,-0.22645372245212714,-0.9721122128456485,0.022985560819506645,0.03897334262728691,0.0003230358706787181,-0.65704555,0.7845320000000012,9.7281968
8.240537881851196,-0.0374089259869786,-0.04956333779226445,-0.22641697955969775,-0.9720490724086175,0.029671967029571533,0.0381900779902935,-0.0006179835181683349,-0.65704555,0.7845320000000012,9.7281968
8.287686586380005,-0.03784695021961097,-0.05060831460446594,-0.22639945445643223,-0.9719823526555403,0.027163367718458176,0.0384342335164547,0.0007490137359127356,-0.65704555,0.7845320000000012,9.7281968
8.337364912033081,-0.03835321956191281,-0.051720641423460376,-0.22637178890338333,-0.9719103965843062,0.031358759850263596,0.03651779517531395,-0.0014361637877300427,-0.65704555,0.7845320000000012,9.7281968
8.38655424118042,-0.03887343043229247,-0.052760114455337154,-0.22635977401300994,-0.9718366526520106,0.027825843542814255,0.03558390215039253,0.0006509821396321015,-0.65704555,0.7845320000000012,9.7281968
8.434914350509644,-0.039417013477183675,-0.053745533374487724,-0.22633388500809787,-0.9717667874484972,0.0331764742732048,0.034238070249557495,0.00038367533124982893,-0.65704555,0.7845320000000012,9.7281968
8.485093593597412,-0.03993962313146969,-0.05466426384931326,-0.22638055088115006,-0.9716833285307904,0.027899259701371193,0.030865708366036415,0.004515883978456255,-0.65704555,0.7845320000000012,9.7281968
8.53406023979187,-0.04051966153969461,-0.055511317236876634,-0.22639296392215746,-0.9716083967184908,0.03371051698923111,0.02833450771868229,0.0007596835494041408,-0.83356525,0.9022118000000012,9.69877685
8.585557699203491,-0.041143176131668825,-0.05640399279771961,-0.22643430155785665,-0.9715211452831477,0.02948395162820816,0.028797820210456848,0.003858630778267976,-0.83356525,0.9022118000000012,9.69877685
8.649872541427612,-0.041830001407218896,-0.05728405558254792,-0.22646398139365193,-0.9714334012631145,0.03577711433172226,0.02711971290409565,0.0024180533364415134,-0.83356525,0.9022118000000012,9.69877685
8.69789981842041,-0.042459161817213265,-0.05802299926985188,-0.22648717016192915,-0.9713568411688631,0.03093596361577511,0.021835599094629288,0.0021339862141758177,-0.83356525,0.9022118000000012,9.69877685
8.740507364273071,-0.043142958946235065,-0.058681367590806645,-0.22649742027538106,-0.9712847681291176,0.03336942940950394,0.018826521933078766,0.0016806423664092994,-0.83356525,0.9022118000000012,9.69877685
8.78961730003357,-0.04381715376511694,-0.05928562434494487,-0.2265781708693005,-0.971199054914839,0.03226633369922638,0.016845012083649635,0.006528019439429043,-0.83356525,0.9022118000000012,9.69877685
8.8380708694458,-0.044585701559959,-0.05998177876429324,-0.22668516312211395,-0.9710963588918342,0.03791400417685509,0.022136691957712173,0.006514756008982656,-0.83356525,0.9022118000000012,9.69877685
8.887073040008545,-0.0453206020761179,-0.060758236948905434,-0.22679476205815302,-0.9709884734502796,0.038161132484674454,0.025540774688124657,0.006700359284877774,-0.83356525,0.9022118000000012,9.69877685
8.937624454498291,-0.046053806127030056,-0.061517599110569955,-0.2269217714557154,-0.9708764811139908,0.03429646044969559,0.02340560220181942,0.006612589582800863,-0.83356525,0.9022118000000012,9.69877685
8.984392166137695,-0.046910198524771476,-0.0621789152629573,-0.2269916499965962,-0.9707770117812387,0.0378771647810936,0.014860267750918865,0.004830326884984968,-0.83356525,0.9022118000000012,9.69877685
9.032284498214722,-0.047723148566479086,-0.06281716738451583,-0.2271390559615344,-0.970661812285613,0.04138682410120964,0.021070396527647972,0.009497571736574171,-0.93163175,1.088538150000001,9.6497436
9.083232402801514,-0.04850006794897087,-0.06350358886530402,-0.22725304418998687,-0.9705519519925533,0.03642277047038078,0.01733267679810524,0.00485348980873823,-0.93163175,1.088538150000001,9.6497436
9.14121127128601,-0.049441209220151904,-0.06407999851172536,-0.2273944931673767,-0.970433441869528,0.03569478541612625,0.016060486435890198,0.008422487415373324,-0.93163175,1.088538150000001,9.6497436
9.192091703414917,-0.05032025988273594,-0.06471683247490848,-0.22752040369413323,-0.9703164787545387,0.04164458066225052,0.015491159632802011,0.007129880599677561,-0.93163175,1.088538150000001,9.6497436
9.238191843032837,-0.05112652298710711,-0.06517645895351985,-0.2276417799637775,-0.9702150936057694,0.037323784083127975,0.012344825081527235,0.008003624156117438,-0.93163175,1.088538150000001,9.6497436
9.288383960723877,-0.051974962618551265,-0.0656942598970414,-0.22774684988886806,-0.9701104266232157,0.042962271720170975,0.011933447793126106,0.005981099791824816,-0.93163175,1.088538150000001,9.6497436
9.338192224502563,-0.05296820308277796,-0.06633452815980354,-0.22793295755522391,-0.9699694153405696,0.035367731004953384,0.01853180304169655,0.01144971791654825,-0.93163175,1.088538150000001,9.6497436
9.389175176620483,-0.0538445685909472,-0.06678161948368624,-0.2281188686851378,-0.9698467711356283,0.04194086790084839,0.006653893273323775,0.009905893355607986,-0.93163175,1.088538150000001,9.6497436
9.436508178710938,-0.054715162204584646,-0.06720008583404083,-0.22827393139698127,-0.9697326496170942,0.035641059279441833,0.010430595837533476,0.00908126588910818,-0.93163175,1.088538150000001,9.6497436
9.487550258636475,-0.05563481022267371,-0.06764658657888963,-0.22845694888218587,-0.9696061724861048,0.042300812900066376,0.00855824537575245,0.010265531018376349,-0.93163175,1.088538150000001,9.6497436
9.532474040985107,-0.056535342527898144,-0.06806907127430174,-0.22862344024306674,-0.9694852650517862,0.034459639340639114,0.008347443304955961,0.00969596393406391,-1.0002783,1.245444550000001,9.6301303
9.595398187637329,-0.057538118796532485,-0.06856343009809489,-0.22883242548500132,-0.9693421181322884,0.04257119446992874,0.011662033386528494,0.011392864398658274,-1.0002783,1.245444550000001,9.6301303
9.640497207641602,-0.05836863567719784,-0.06888031179556467,-0.2290264560670569,-0.9692241677947847,0.03545619919896126,0.0016149528091773406,0.011943754740059376,-1.0002783,1.245444550000001,9.6301303
9.696569919586182,-0.0593222759106387,-0.06919152698800536,-0.22925135823683762,-0.9690909219058939,0.035472571849823,0.0052647343836724775,0.011679403483867645,-1.0002783,1.245444550000001,9.6301303
9.738956212997437,-0.060209764732524824,-0.06955924580271274,-0.2294756084148074,-0.9689567795814555,0.0426897332072258,0.009123383089900019,0.013629125431179999,-1.0002783,1.245444550000001,9.6301303
9.788304090499878,-0.06113059024470254,-0.06991704524437986,-0.2297357097319218,-0.9688117264951945,0.032873138785362244,0.004372159019112589,0.011670226231217384,-1.0002783,1.245444550000001,9.6301303
9.838250637054443,-0.06208771909536209,-0.07016518984999706,-0.22995915008440976,-0.9686799009803523,0.04018750041723251,0.0013600995298475042,0.012813673354685307,-1.0002783,1.245444550000001,9.6301303
9.891116857528687,-0.06292525399452059,-0.07033505760831638,-0.23018268171396145,-0.9685604395802716,0.03532305732369423,-0.002149136038497089,0.011909179389476776,-1.0002783,1.245444550000001,9.6301303
9.93512225151062,-0.06386944618405263,-0.07053436644361936,-0.2304751837534758,-0.96841457375875,0.034266479313373566,0.0012645511887967604,0.014879361726343632,-1.0002783,1.245444550000001,9.6301303
9.996354103088379,-0.06474766556640726,-0.07068272974644274,-0.2307325650436759,-0.9682841395725008,0.039368875324726105,-0.0014221140882000312,0.012622859328985214,-1.0002783,1.245444550000001,9.6301303
10.069318056106567,-0.06567545789941102,-0.07074420377096266,-0.2309591290040895,-0.9681631435828301,0.03242358937859535,-0.007106170989573,0.012235293164849283,-1.02969825,1.4415775500000012,9.62032365
10.084564685821533,-0.0665642666305689,-0.07066360488074198,-0.231185904019722,-0.9680541984495377,0.035404909402132034,-0.01288841478526592,0.012501461431384088,-1.02969825,1.4415775500000012,9.62032365
10.179511070251465,-0.06747214808533976,-0.0706121082059712,-0.23143684316544794,-0.9679351357570765,0.029372837394475937,-0.009503516368567942,0.013876660726964475,-1.02969825,1.4415775500000012,9.62032365
10.20648717880249,-0.06837759197810493,-0.07060108906861393,-0.23167049010208352,-0.9678164986987265,0.034765005111694336,-0.009651475585997103,0.014362110756337644,-1.02969825,1.4415775500000012,9.62032365
10.23937726020813,-0.0692238536340013,-0.07051133063624615,-0.2319669287871745,-0.9676918694961794,0.02962268516421318,-0.009245729073882101,0.017137831076979637,-1.02969825,1.4415775500000012,9.62032365
10.289314031600952,-0.07010882692308794,-0.07053378032585982,-0.23224784395866627,-0.9675591336951779,0.03779126703739166,-0.003539526602253316,0.015271879732608795,-1.02969825,1.4415775500000012,9.62032365
10.346572399139404,-0.0709893684237417,-0.0704428184979352,-0.23253576298053713,-0.9674323944482761,0.027833135798573494,-0.014781516976654528,0.015560038387775423,-1.02969825,1.4415775500000012,9.62032365
10.384521007537842,-0.07178036723988061,-0.07036197700893398,-0.23279080715465345,-0.9673185675746057,0.03286369517445564,-0.006178299896419047,0.015715928748250008,-1.02969825,1.4415775500000012,9.62032365
10.435160160064697,-0.07258986951031537,-0.07034904566691194,-0.23308792159138264,-0.9671875430475929,0.03184876963496208,-0.008704514242708681,0.014494732953608038,-1.02969825,1.4415775500000012,9.62032365
10.485965490341187,-0.0734148513722281,-0.07014239193267449,-0.23354296757719262,-0.9670304993883052,0.024604542180895805,-0.013946373015642164,0.018984464928507805,-1.02969825,1.4415775500000012,9.62032365
10.56111478805542,-0.07423785000419486,-0.06984261655192754,-0.23392126851333667,-0.9668979215393145,0.03055245615541935,-0.02006045170128345,0.014388104900717737,-0.97085835,1.618097250000001,9.60071035
10.59149980545044,-0.07504291343747614,-0.06947267397477683,-0.23433099011533998,-0.9667632056430231,0.02325817383825779,-0.017422076314687725,0.016799831762909893,-0.97085835,1.618097250000001,9.60071035
10.63981294631958,-0.07584451210466851,-0.0691436432245739,-0.23467418459789863,-0.9666409848897103,0.03076632134616375,-0.020088061690330502,0.01616836339235306,-0.97085835,1.618097250000001,9.60071035
10.69484567642212,-0.0765854084473397,-0.06864062188110591,-0.23499663004454296,-0.9665400788940093,0.01942233182489872,-0.028322426602244374,0.014872252941131595,-0.97085835,1.618097250000001,9.60071035
10.73878288269043,-0.07730906290089615,-0.06812945599329906,-0.23527739923632174,-0.9664503253804795,0.02569340355694294,-0.025185065343976017,0.01733372546732426,-0.97085835,1.618097250000001,9.60071035
10.786956071853638,-0.07791866432886874,-0.06749150118813531,-0.2356147083049958,-0.9663639522700174,0.016647614538669586,-0.03245803713798523,0.017722865566611293,-0.97085835,1.618097250000001,9.60071035
10.835298299789429,-0.07865291086742937,-0.06672264667601488,-0.2359332387631644,-0.9662801430637762,0.016558419913053513,-0.034487444907426834,0.018877424299716953,-0.97085835,1.618097250000001,9.60071035
10.883676528930664,-0.07927762256353577,-0.06602787720595098,-0.2362036957712778,-0.966210738967612,0.019000984728336334,-0.034214094281196594,0.016047129407525066,-0.97085835,1.618097250000001,9.60071035
10.932639837265015,-0.07991443563592514,-0.06521434231969003,-0.23649743440508458,-0.966141674938316,0.012719914317131042,-0.036592449992895126,0.018286935985088352,-0.97085835,1.618097250000001,9.60071035
10.981213569641113,-0.08049466212323693,-0.06442277670697642,-0.23677596934069745,-0.9660783899631551,0.018979137763381004,-0.03575517237186432,0.01557171624153853,-0.97085835,1.618097250000001,9.60071035
11.045196294784546,-0.08109470955159284,-0.06343903639936842,-0.23704902170392295,-0.9660263443885344,0.007932052947580814,-0.04363718256354332,0.018075777217745788,-0.79433865,1.7357770500000012,9.6301303
11.090084552764893,-0.08153551580114114,-0.06233588642519569,-0.23741391384186455,-0.9659714439055196,0.007420877926051617,-0.04171726480126381,0.01864467561244965,-0.79433865,1.7357770500000012,9.6301303
11.138323307037354,-0.08209114802398526,-0.06140198895367239,-0.23765313065260474,-0.9659253742705247,0.0114962263032794,-0.04220855236053467,0.01602459885179997,-0.79433865,1.7357770500000012,9.6301303
11.187714099884033,-0.08246154384494221,-0.0602959884662895,-0.23800477514825047,-0.9658769148127586,0.002275067614391446,-0.04396931082010269,0.019761921837925918,-0.79433865,1.7357770500000012,9.6301303
11.238699913024902,-0.08295830567284104,-0.05926048175610485,-0.238270270980165,-0.9658330046074035,0.009582971222698689,-0.04525730758905411,0.016835922375321395,-0.79433865,1.7357770500000012,9.6301303
11.284869194030762,-0.08328945973106988,-0.058224214738440985,-0.23857750696236107,-0.9657916855551318,-0.0008593694074079394,-0.04396745562553406,0.01941713690757752,-0.79433865,1.7357770500000012,9.6301303
11.344035863876343,-0.0837955155659392,-0.057197644132349915,-0.23886150138232176,-0.9657390559742993,0.010137328878045082,-0.03925143927335739,0.01573077775537968,-0.79433865,1.7357770500000012,9.6301303
11.38509464263916,-0.08409379400154085,-0.056257840349507995,-0.23912988804552077,-0.965701913559755,-5.399261135607958e-5,-0.04284045472741127,0.01920952089130879,-0.79433865,1.7357770500000012,9.6301303
11.434987783432007,-0.0843712860438982,-0.05516372949270447,-0.23943725340858169,-0.9656646678427814,0.0021985694766044617,-0.04334992542862892,0.016500828787684448,-0.79433865,1.7357770500000012,9.6301303
11.492854833602905,-0.08473431374905697,-0.054101340033179846,-0.2397043610064571,-0.9656267189730081,0.002001847606152296,-0.04074762389063835,0.017131645232439045,-0.79433865,1.7357770500000012,9.6301303
11.540225744247437,-0.08491709769733144,-0.05302327100525639,-0.23998727547061255,-0.9656001899661977,-0.004023005720227957,-0.04637414962053299,0.01740416698157788,-0.59820565,1.7455837000000012,9.639936950000001
11.589292287826538,-0.0851649753224992,-0.051831147359580526,-0.24026812151686255,-0.9655732436871196,-0.002097404794767499,-0.04634895175695419,0.01651610992848874,-0.59820565,1.7455837000000012,9.639936950000001
11.638018131256104,-0.08534802613023927,-0.050431218940470646,-0.240545590039226,-0.9655621293860541,-0.007315981201827526,-0.05101397633552551,0.016106072813272483,-0.59820565,1.7455837000000012,9.639936950000001
11.686467170715332,-0.08543992274581949,-0.049106520644407306,-0.24081833948473974,-0.9655542950032387,-0.01184171810746193,-0.05433926358819008,0.017387401312589652,-0.59820565,1.7455837000000012,9.639936950000001
11.735311269760132,-0.08548288033324185,-0.04783005264561075,-0.2410689712763895,-0.9655520256939001,-0.012537919916212559,-0.05244012922048569,0.017059450969100005,-0.59820565,1.7455837000000012,9.639936950000001
11.78402829170227,-0.08558619693909116,-0.046576409729481204,-0.24133516098676483,-0.9655376642170449,-0.007754269056022167,-0.04706362262368202,0.015673616901040084,-0.59820565,1.7455837000000012,9.639936950000001
11.836729526519775,-0.08559021897556494,-0.045140825644977525,-0.2416097946686815,-0.9655368078928748,-0.014913688413798809,-0.052053697407245636,0.015387102030217654,-0.59820565,1.7455837000000012,9.639936950000001
11.892329454421997,-0.08556777204355157,-0.043729615608432526,-0.24185119841669023,-0.965543305569798,-0.015145332552492619,-0.05408835411071777,0.015180086717009551,-0.59820565,1.7455837000000012,9.639936950000001
11.942292928695679,-0.08551363918928319,-0.04239079867872145,-0.24206097651164316,-0.9655552399268594,-0.015542460605502129,-0.0506918802857399,0.01490459498018027,-0.59820565,1.7455837000000012,9.639936950000001
11.990189552307129,-0.0854366960818171,-0.04082112095716548,-0.24225411679257686,-0.9655812497886814,-0.01759278029203415,-0.05652656406164169,0.013898832723498351,-0.59820565,1.7455837000000012,9.639936950000001
12.04158353805542,-0.08527355329532499,-0.03942663608827162,-0.24246956689813537,-0.965599539458974,-0.023470833897590637,-0.05505017563700676,0.01601278223097325,-0.3334261,1.706357100000001,9.6301303
12.088974475860596,-0.08507273856861763,-0.03791549033474012,-0.24271079370680781,-0.9656171681175325,-0.020568694919347763,-0.05387885496020317,0.014018458314239986,-0.3334261,1.706357100000001,9.6301303
12.137640953063965,-0.08488912591006867,-0.036547919833634895,-0.24293239194347,-0.9656303323750156,-0.023489315062761307,-0.05393056944012642,0.014021272771060474,-0.3334261,1.706357100000001,9.6301303
12.18916630744934,-0.08462860918072973,-0.0350016647114296,-0.24319061058417546,-0.9656454882094463,-0.023056497797369957,-0.05265446752309799,0.013321802951395519,-0.3334261,1.706357100000001,9.6301303
12.235941410064697,-0.08440772505203946,-0.0336300250863726,-0.2434003816542306,-0.9656607124527767,-0.02202632650732994,-0.04881734400987625,0.012675537727773195,-0.3334261,1.706357100000001,9.6301303
12.284260034561157,-0.08415983577699639,-0.03227173495208964,-0.24360105879380006,-0.9656780940456868,-0.023808609694242477,-0.050990182906389236,0.01133737154304982,-0.3334261,1.706357100000001,9.6301303
12.348645687103271,-0.08385367313794725,-0.030828020414590047,-0.24381807304536895,-0.965697127424036,-0.024013472720980644,-0.04936833679676056,0.012371155433356767,-0.3334261,1.706357100000001,9.6301303
12.398261308670044,-0.08355721982160687,-0.02948250879500379,-0.24398737680741656,-0.9657220783690676,-0.025118039920926094,-0.04934375360608101,0.010792326182127004,-0.3334261,1.706357100000001,9.6301303
12.447871208190918,-0.08319674671565608,-0.02814232483687629,-0.24418674384482386,-0.9657427944433079,-0.026721717789769173,-0.04656105488538742,0.011811254546046262,-0.3334261,1.706357100000001,9.6301303
12.48851203918457,-0.08284105355236049,-0.026794720445301432,-0.24437455709512013,-0.9657641941215034,-0.02746501937508583,-0.0487368106842041,0.010954675264656549,-0.3334261,1.706357100000001,9.6301303
12.563415765762329,-0.0824399830180533,-0.025445294287269448,-0.24455845160035783,-0.9657884602486471,-0.027974337339401245,-0.0459904819726944,0.010559608228504663,-0.0588399,1.5788706500000012,9.6497436
12.587896585464478,-0.08207439103316741,-0.0241433592803716,-0.24472028475640234,-0.9658120286929227,-0.027389589697122574,-0.04713103920221329,0.009535830467939382,-0.0588399,1.5788706500000012,9.6497436
12.635777473449707,-0.08166783080900898,-0.022919732719072352,-0.24488949854741976,-0.9658334146032796,-0.028762806206941605,-0.04316944256424904,0.010233664885163312,-0.0588399,1.5788706500000012,9.6497436
12.68458342552185,-0.08126862879665865,-0.02165694284138906,-0.24503513691584955,-0.9658592902058283,-0.024399196729063988,-0.0402502678334713,0.007122162263840442,-0.0588399,1.5788706500000012,9.6497436
12.737261295318604,-0.0808590709444834,-0.020499273972636445,-0.24518362216143785,-0.9658812462390949,-0.030301019549369812,-0.04159015789628029,0.010105301626026636,-0.0588399,1.5788706500000012,9.6497436
12.784260988235474,-0.0804608586396142,-0.019456134118351707,-0.24530903060815812,-0.9659042336454637,-0.02602977305650711,-0.0373368076980114,0.00784225389361382,-0.0588399,1.5788706500000012,9.6497436
12.834234714508057,-0.08008747549760144,-0.018408394450677375,-0.24543257846507882,-0.9659244156299975,-0.024674925953149796,-0.0354522205889225,0.0073364544659853025,-0.0588399,1.5788706500000012,9.6497436
12.891515731811523,-0.07965579452124905,-0.01734958301600696,-0.2455541052159027,-0.9659488225470212,-0.02437135949730873,-0.03479478508234024,0.006224674638360743,-0.0588399,1.5788706500000012,9.6497436
12.943102359771729,-0.07929008108525695,-0.0164298729234017,-0.24566545697877817,-0.9659666793242002,-0.024708643555641174,-0.0333261638879776,0.007215959951281552,-0.0588399,1.5788706500000012,9.6497436
12.989713907241821,-0.07884450994654212,-0.015432798097883225,-0.24578012510745129,-0.9659904254682472,-0.026338689029216766,-0.033062104135751724,0.006412532646209006,-0.0588399,1.5788706500000012,9.6497436
13.05553913116455,-0.07843999649192007,-0.0145315194778036,-0.24589332939273462,-0.9660085260763331,-0.024447614327073097,-0.031122446060180664,0.006152485962957147,0.1176798,1.4415775500000012,9.67916355
13.086410999298096,-0.07798908395219384,-0.013599919131659524,-0.24602683079733256,-0.9660246081294879,-0.026539424434304237,-0.028934573754668236,0.007149359211325649,0.1176798,1.4415775500000012,9.67916355
13.135763168334961,-0.07764010889684803,-0.012838293647824397,-0.24611473491011432,-0.9660407491233596,-0.02004104293882847,-0.027446027845144272,0.004806722514331344,0.1176798,1.4415775500000012,9.67916355
13.185505151748657,-0.07722093750143541,-0.012008730708656412,-0.2462250488347585,-0.9660569043925349,-0.02761976420879364,-0.027080051600933075,0.0073338546790182625,0.1176798,1.4415775500000012,9.67916355
13.23351764678955,-0.07686632012754824,-0.011379027429896575,-0.2463076522143816,-0.9660717504540944,-0.014068396762013435,-0.019398046657443047,0.0019449993269518042,0.1176798,1.4415775500000012,9.67916355
13.281682968139648,-0.07659281473147028,-0.010765121087894533,-0.24634898380636527,-0.9660899704877621,-0.02000376395881176,-0.020544791594147682,0.0035572648048400905,0.1176798,1.4415775500000012,9.67916355
13.341361045837402,-0.07614746817576884,-0.010127969086884443,-0.24644464869110205,-0.9661076660828825,-0.015857649967074394,-0.0179185438901186,0.0026316782459616683,0.1176798,1.4415775500000012,9.67916355
13.392295360565186,-0.07596747784696993,-0.00969475560376541,-0.246472982097245,-0.9661190522494858,-0.013533031567931175,-0.013747947290539742,0.0026501351967453974,0.1176798,1.4415775500000012,9.67916355
13.439357995986938,-0.0756038432415812,-0.009250068336507022,-0.24655397915451727,-0.9661312698003031,-0.018548985943198204,-0.014534109272062778,0.004079498816281559,0.1176798,1.4415775500000012,9.67916355
13.487897157669067,-0.0754010972088586,-0.008875567020273483,-0.24657407164489054,-0.9661454994162262,-0.009293160401284695,-0.010839140973985195,0.000505729112774135,0.1176798,1.4415775500000012,9.67916355
13.547476291656494,-0.0751145563081224,-0.008524658707802916,-0.2466386016460771,-0.9661545082452481,-0.01608961820602417,-0.01060048583894968,0.003927060402929784,0.22555295,1.382737650000001,9.7085835
13.594312906265259,-0.0749114367984754,-0.008251086246120356,-0.24667603354842194,-0.966163097352287,-0.008312873542308807,-0.008425132371485233,0.0005872144829481851,0.22555295,1.382737650000001,9.7085835
13.642061948776245,-0.07473416929089145,-0.008043833425088921,-0.246716025787991,-0.9661683617794616,-0.011169307865202427,-0.0062180329114198685,0.002214962616562844,0.22555295,1.382737650000001,9.7085835
13.699949026107788,-0.07454573063912895,-0.007847418231298106,-0.24675420456122799,-0.9661747847061302,-0.0046354662626981735,-0.004954957868903875,0.0011189165525138385,0.22555295,1.382737650000001,9.7085835
13.734900712966919,-0.07443203517635989,-0.007728597251487542,-0.24678564337703457,-0.96617647826213,-0.007517023477703333,-0.003663585288450122,0.001630196464248002,0.22555295,1.382737650000001,9.7085835
13.78461241722107,-0.07427910320005639,-0.007584038829887562,-0.24682301455384664,-0.9661798469588225,-0.005846442189067602,-0.0033654037397354837,0.0017973612993955617,0.22555295,1.382737650000001,9.7085835
13.842425346374512,-0.0742058488626319,-0.007506613330150818,-0.24682987916724658,-0.9661843268761765,-0.0035828067921102047,-0.0021901659201830626,-0.00010057352483272525,0.22555295,1.382737650000001,9.7085835
13.890087842941284,-0.07408719907719273,-0.007431245444322872,-0.24685773964778374,-0.9661868969821675,-0.0047739227302372456,-0.0017353683942928908,0.0013376218266785147,0.22555295,1.382737650000001,9.7085835
13.941296577453613,-0.07402886128335626,-0.0073769220900363535,-0.24686621156237587,-0.9661896202642664,-0.0013344918843358755,-0.0016486997483298182,0.0005983285373076799,0.22555295,1.382737650000001,9.7085835
13.988195419311523,-0.07396776060273026,-0.0073220831044499895,-0.2468873635431148,-0.966189312305388,-0.004225361160933971,-0.001237964257597923,0.0016163707477971914,0.22555295,1.382737650000001,9.7085835
14.03838038444519,-0.07391470265123037,-0.007275657650596511,-0.24690517691756103,-0.9661891715130322,-0.001059294561855495,-0.0012422888539731503,0.0006935629062354566,0.24516625,1.3337044000000011,9.6889702
14.0879385471344,-0.07390473956128596,-0.007249394836286802,-0.24691190671012475,-0.9661884112685561,-0.0016947753028944135,0.00018912958330474794,9.935372509062287e-5,0.24516625,1.3337044000000011,9.6889702
14.14640760421753,-0.07388925139271708,-0.0072217912572783,-0.24693986108746457,-0.9661826583342117,0.0005958835827186704,-0.0005940276896581053,0.0012321362737566233,0.24516625,1.3337044000000011,9.6889702
14.187381505966187,-0.07389254544475343,-0.007224617552334694,-0.24696378480137138,-0.9661762704731987,0.0001572484616190195,0.00014587742043659096,0.00039345817640423775,0.24516625,1.3337044000000011,9.6889702
14.235635757446289,-0.07391230474338317,-0.007227138302329398,-0.24699744536378604,-0.9661661356429564,0.0009274868061766028,-0.0001212798524647949,0.0017841618973761797,0.24516625,1.3337044000000011,9.6889702
14.282093524932861,-0.07394141607506963,-0.007234784658908053,-0.24701776546887044,-0.9661586559269233,0.0017878097714856267,0.0004093394381925464,0.0006515058921650052,0.24516625,1.3337044000000011,9.6889702
14.340586423873901,-0.07398654192714947,-0.0072527567295192,-0.24702665602785245,-0.9661527934779164,0.0015113957924768329,8.341568172909325e-5,0.0004891576245427132,0.24516625,1.3337044000000011,9.6889702
14.389546394348145,-0.07404117292987825,-0.007272348515946664,-0.24703917655719043,-0.9661452597328084,0.00317047955468297,0.0004076000186614693,0.000330394716002047,0.24516625,1.3337044000000011,9.6889702
14.438733100891113,-0.07409202310896731,-0.007299886575253023,-0.24705568813883866,-0.9661369316643753,0.0020545830484479666,0.0016850058455020191,0.0011644768528640268,0.24516625,1.3337044000000011,9.6889702
14.487795352935791,-0.07416402580318729,-0.0073317712513733665,-0.24707888317165305,-0.966125234065248,0.004310200922191143,0.0005772337317466737,0.001236884854733944,0.24516625,1.3337044000000011,9.6889702
14.538742542266846,-0.07424285693982832,-0.007383252762948148,-0.2470737047533097,-0.9661201116794562,0.003003103192895651,0.0014490216271951795,0.00034141156356781705,0.2353596,1.3337044000000011,9.6889702
14.587240934371948,-0.07430996706851203,-0.007412335435142767,-0.24707509384322796,-0.9661143742228627,0.003220589831471443,0.0016716299578547478,0.00028786470647901275,0.2353596,1.3337044000000011,9.6889702
14.634355545043945,-0.07440666049275066,-0.007462229611205218,-0.24706480430528616,-0.9661091793773293,0.004210255108773708,0.0012537487782537937,0.00012098508886992916,0.2353596,1.3337044000000011,9.6889702
14.683850526809692,-0.07448671408525598,-0.007495551443264018,-0.24706804749222327,-0.9661019232160358,0.003184052649885416,0.0004593374324031175,0.0010248805629089475,0.2353596,1.3337044000000011,9.6889702
14.744975805282593,-0.07455680503663813,-0.00752020712115528,-0.247054359982599,-0.9660998253395827,0.0031054404098540545,0.00022100887144915757,-0.00015911832451820376,0.2353596,1.3337044000000011,9.6889702
14.792815208435059,-0.07465253187888847,-0.007573622101372162,-0.24702857277827095,-0.966098609854847,0.00364206125959754,0.0012140488252043724,-0.0008508689934387804,0.2353596,1.3337044000000011,9.6889702
14.840191125869751,-0.07476111650016626,-0.007612387346226968,-0.2469980684726905,-0.9660977078894761,0.004609601106494665,0.0007057379698380826,-0.0014117438113316894,0.2353596,1.3337044000000011,9.6889702
14.889622926712036,-0.07483613276092707,-0.007658619753272553,-0.24698245952401116,-0.9660955250203437,0.0039007067680358887,0.0012580541661009192,0.000310782343149185,0.2353596,1.3337044000000011,9.6889702
14.938154935836792,-0.07492838269332779,-0.007719176029184891,-0.24696254422933417,-0.9660929838975991,0.0038521746173501015,0.0013878075405955315,-0.0008284010691568258,0.2353596,1.3337044000000011,9.6889702
14.988898515701294,-0.07502814560647347,-0.007775809986347484,-0.2469312105703249,-0.9660927964704964,0.0044344523921608925,0.0009261118248105048,-0.0008113661315292121,0.2353596,1.3337044000000011,9.6889702
15.038548707962036,-0.07511175938319029,-0.007808732112207033,-0.2468926184783673,-0.9660958970237151,0.003696592990309,0.0005399182555265722,-0.0016646782169118524,0.22555295,1.3435110500000012,9.69877685
15.089318990707397,-0.07518643308545804,-0.007854691753291667,-0.24685713652352437,-0.9660987828606102,0.0036803078837692738,0.001092475140467286,-0.0011078374227508905,0.22555295,1.3435110500000012,9.69877685
15.136682987213135,-0.07526300324766759,-0.00789130423438372,-0.24682087123776797,-0.9661017882092193,0.0028943801298737526,0.00046183413360267867,-0.0010641549015417695,0.22555295,1.3435110500000012,9.69877685
15.190695524215698,-0.07532873920428695,-0.007921149312639644,-0.2467812055644733,-0.9661065536593799,0.002763646887615323,0.0005351779982447623,-0.0011926803272217512,0.22555295,1.3435110500000012,9.69877685
15.232885837554932,-0.07540935536546986,-0.007941142477543522,-0.24671596506255966,-0.9661167631103218,0.00252210209146142,0.0002346478577237574,-0.0018183074425905943,0.22555295,1.3435110500000012,9.69877685
15.282861232757568,-0.0754766232436336,-0.007942299053437496,-0.24665938201653564,-0.9661259485660786,0.0021559549495577812,-0.00042970594950020335,-0.0018083826871588826,0.22555295,1.3435110500000012,9.69877685
15.35254454612732,-0.07555481242988202,-0.007953086519104228,-0.2465967854432617,-0.9661357275986406,0.0032147569581866264,-6.766288424842092e-5,-0.0026313145644962788,0.22555295,1.3435110500000012,9.69877685
15.399408102035522,-0.07561079424244849,-0.007950069766026987,-0.24655422449750086,-0.966142235163735,0.0018313999753445387,-0.0007910834392532708,-0.0013864689972251654,0.22555295,1.3435110500000012,9.69877685
15.440734148025513,-0.07566043369650466,-0.007943626626395554,-0.24651207456290425,-0.9661491575650056,0.0011087077436968684,0.00019473761494737105,-0.0011045060819014907,0.22555295,1.3435110500000012,9.69877685
15.48807144165039,-0.07569177234152807,-0.007936489870864398,-0.2464739654445079,-0.9661564842645249,0.0009265502449125051,-0.00041796162258833663,-0.001162812695838511,0.22555295,1.3435110500000012,9.69877685
15.551255226135254,-0.0757160896760267,-0.007932893652216671,-0.24639778199138485,-0.9661740402185315,0.0004760765004903078,-0.00021177329472266176,-0.0031803720630705357,0.2353596,1.3631243500000012,9.6889702
15.586587190628052,-0.07573264994163102,-0.00792801766244734,-0.2463339467794738,-0.9661890596217748,6.38047931715846e-5,-0.0006405178573913875,-0.002459238050505519,0.2353596,1.3631243500000012,9.6889702
15.643626689910889,-0.07573860969899993,-0.00792187193964721,-0.2462567769343068,-0.966208314371058,-0.00023975560907274485,-0.00015804838039912316,-0.0026425477117300034,0.2353596,1.3631243500000012,9.6889702
15.683687448501587,-0.07574772920523817,-0.007921073520003997,-0.24620242565431716,-0.9662214568702514,-7.308961357921362e-5,-0.0005316024180501703,-0.002783075673505664,0.2353596,1.3631243500000012,9.6889702
15.731915473937988,-0.0757237201213161,-0.00789640506865774,-0.24614531769398146,-0.9662380905218493,-0.002632835879921913,-0.00028708574245683876,-0.0023849504068493843,0.2353596,1.3631243500000012,9.6889702
15.780539751052856,-0.07571784395148118,-0.007890893975805722,-0.2460843163375026,-0.9662541338345236,0.0011370377615094185,-0.00012200165656395304,-0.003914158325642347,0.2353596,1.3631243500000012,9.6889702
15.839326620101929,-0.0756702982461874,-0.007887055803951144,-0.2460163624798853,-0.966275193568708,-0.002743875840678811,0.0006771530024707314,-0.002821733010932803,0.2353596,1.3631243500000012,9.6889702
15.888545036315918,-0.07566359936618465,-0.007896795065334554,-0.2459480827506988,-0.9662930202324267,0.0005810888251289725,0.0012562881456688042,-0.0036735041067004204,0.2353596,1.3631243500000012,9.6889702
15.937392711639404,-0.07566391274155655,-0.007918114184716175,-0.24585762642032521,-0.9663158403479474,-0.0006401499267667532,0.0004601487307809289,-0.0035990041214972734,0.2353596,1.3631243500000012,9.6889702
15.988065242767334,-0.07558715035175502,-0.007892961563403805,-0.24579858776539065,-0.966337072719452,-0.0035901558585464954,-0.00011919593089260193,-0.002638569101691246,0.2353596,1.3631243500000012,9.6889702
16.034247636795044,-0.07557010077245119,-0.007874379813382902,-0.24570363793658068,-0.966362704328207,-0.00043231493327766657,-0.000277885992545635,-0.00416045356541872,0.2353596,1.3631243500000012,9.6889702
16.094254732131958,-0.07546074326648847,-0.007777140516428991,-0.245624420960928,-0.9663921751228461,-0.004605395253747702,-0.00268305977806449,-0.0026565764565020795,0.2353596,1.3631243500000012,9.6889702
16.13209342956543,-0.07544274193412251,-0.0077297449128501455,-0.24554942646795902,-0.96641301879388,-0.001290142652578652,-0.002432495122775436,-0.003991533070802689,0.2353596,1.3631243500000012,9.6889702
16.19054412841797,-0.07536097322477103,-0.007637556118737488,-0.24547530991526584,-0.9664389601382761,-0.005042477510869503,-0.0029336675070226197,-0.002445538761094212,0.2353596,1.3631243500000012,9.6889702
16.239442586898804,-0.07529378429608344,-0.00753705214058635,-0.24537971526941205,-0.9664692619145772,-0.0022497475147247314,-0.0036213402636349206,-0.003986037801951169,0.2353596,1.3631243500000012,9.6889702
16.28766965866089,-0.075233795226834,-0.007426068772811155,-0.24529353405601817,-0.9664966692693036,-0.004025820642709732,-0.003726176451891661,-0.003781952895224094,0.2353596,1.3631243500000012,9.6889702
16.340738534927368,-0.07514489985171763,-0.007286931288848156,-0.24521397894768598,-0.9665248311281561,-0.004346685949712992,-0.00502014346420765,-0.0037642903625965114,0.2353596,1.3631243500000012,9.6889702
16.38534951210022,-0.07508787633596442,-0.007167915854946568,-0.24512150430172158,-0.9665536094488046,-0.0038189920596778393,-0.004226646851748228,-0.0027929986827075477,0.2353596,1.3631243500000012,9.6889702
16.43629550933838,-0.07499298468419233,-0.007024671964201367,-0.24503469785858284,-0.9665840382901555,-0.004719936288893223,-0.004715805407613516,-0.0032859235070645805,0.2353596,1.3631243500000012,9.6889702
16.482933044433594,-0.07494309122782539,-0.006915682477182639,-0.24493518423513894,-0.9666139156544309,-0.002952495589852333,-0.0043976176530122766,-0.004771484527736901,0.2353596,1.3631243500000012,9.6889702
16.53324294090271,-0.07485223823661487,-0.006774171878906845,-0.24484656011551492,-0.9666444098146554,-0.005348133854568005,-0.004191517364233732,-0.0029160275589674707,0.2549729,1.3435110500000012,9.6889702
16.582226753234863,-0.07478064156254374,-0.006645734467678271,-0.24475402061517393,-0.9666742777448807,-0.004347185604274273,-0.0046871532686054715,-0.00390397198498249,0.2549729,1.3435110500000012,9.6889702
16.639126300811768,-0.07469373182428435,-0.00651291956286195,-0.24465278701217708,-0.9667075266656942,-0.005123656243085861,-0.0045967400074005136,-0.0036704249214380975,0.2549729,1.3435110500000012,9.6889702
16.6879301071167,-0.07462210335766556,-0.0064007739415787015,-0.24457842669447988,-0.9667326233137472,-0.004210273269563913,-0.0038184595759958033,-0.0036222543567419048,0.2549729,1.3435110500000012,9.6889702
16.737308263778687,-0.07455306132551413,-0.006269615608599114,-0.24452199649126682,-0.9667530844010994,-0.004094976466149092,-0.004135027062147856,-0.0023309274110943075,0.2549729,1.3435110500000012,9.6889702
16.786349534988403,-0.07447992934585904,-0.0061420679537713815,-0.2444613685041977,-0.9667748726745757,-0.003984192386269569,-0.005087931640446186,-0.003488650312647223,0.2549729,1.3435110500000012,9.6889702
16.836303234100342,-0.07441915087150916,-0.006022269019237795,-0.24439951239930774,-0.966795945687819,-0.0037165521644055843,-0.004429951775819063,-0.0032102765981107946,0.2549729,1.3435110500000012,9.6889702
16.886829614639282,-0.07436357599256768,-0.005893922559648108,-0.2443199077988467,-0.9668211328346217,-0.0034124033991247416,-0.004997159354388715,-0.003812982467934489,0.2549729,1.3435110500000012,9.6889702
16.935333967208862,-0.0743120456466144,-0.0057744173503818655,-0.2442560054387885,-0.9668419621547079,-0.003281933255493641,-0.0040880548767745495,-0.002735818503424525,0.2549729,1.3435110500000012,9.6889702
16.99226665496826,-0.07424788433227199,-0.005660892761096519,-0.24419426021418023,-0.9668631595235067,-0.0036537456326186657,-0.004229686688631773,-0.0034260735847055908,0.2549729,1.3435110500000012,9.6889702
17.046931266784668,-0.07421127495936083,-0.005534550394962894,-0.24411472654319039,-0.9668867853609208,-0.0026811594143509865,-0.004759069997817279,-0.0038811245467513795,0.2745862,1.323897750000001,9.69877685
17.09012222290039,-0.07417221624035786,-0.005402206829002185,-0.2440343334669136,-0.9669108245276445,-0.003107900731265545,-0.0051088412292301655,-0.003078960813581943,0.2745862,1.323897750000001,9.69877685
17.138838291168213,-0.07414210927399785,-0.005275749923192462,-0.24394864435703306,-0.9669354544185026,-0.0024753666948527098,-0.005108335055410863,-0.0036627915687859054,0.2745862,1.323897750000001,9.69877685
17.187479972839355,-0.07413926000081993,-0.005151321563129931,-0.24385546998246377,-0.966959845997917,-0.0012884690659120679,-0.004724524449557067,-0.003933017142117023,0.2745862,1.323897750000001,9.69877685
17.23707103729248,-0.07413579890849312,-0.005038707955164249,-0.24377648918715344,-0.9669806192793771,-0.0008385094115510583,-0.004343036562204361,-0.0029304444324225183,0.2745862,1.323897750000001,9.69877685
17.286556482315063,-0.07415189888853019,-0.004940646281611816,-0.24370260531862298,-0.9669985139939257,-0.0007288935594260693,-0.004101685713976622,-0.0029213679954409595,0.2745862,1.323897750000001,9.69877685
17.355327129364014,-0.07416534425114615,-0.004831034946261545,-0.2436206521555474,-0.9670186868188033,-0.0002542253350839019,-0.003952267114073038,-0.0030947446357458826,0.2745862,1.323897750000001,9.69877685
17.386312007904053,-0.07418924697942453,-0.004753312999750069,-0.24354380967004025,-0.9670365941470651,0.0005832011811435223,-0.0031769925262779,-0.0035897190682590003,0.2745862,1.323897750000001,9.69877685
17.442908763885498,-0.07422020874026827,-0.004669283556010358,-0.24345350844215474,-0.9670573652234029,0.0007664361037313938,-0.003350965213030577,-0.0025527838151901956,0.2745862,1.323897750000001,9.69877685
17.481040477752686,-0.07424981187516647,-0.004618972414338069,-0.24339123662401863,-0.9670710090086296,0.0010044191731140018,-0.0028841604944318537,-0.003096576780080795,0.2745862,1.323897750000001,9.69877685
17.540137767791748,-0.07429536016953861,-0.00457764151376868,-0.24331673680804594,-0.9670864543796146,0.0017284557688981295,-0.00181767693720758,-0.004273649305105209,0.28439285000000003,1.323897750000001,9.6889702
17.603859663009644,-0.074346812456771,-0.004545845183521697,-0.2432462489122847,-0.9671003821523327,0.001463261665776372,-0.0015729211736470465,-0.0031116574537009,0.28439285000000003,1.323897750000001,9.6889702
17.638540506362915,-0.07439489554818589,-0.004531645573355224,-0.24319406987946907,-0.9671098738407298,0.0016832214314490557,-0.0012142185587435965,-0.0030139898881316185,0.28439285000000003,1.323897750000001,9.6889702
17.690845489501953,-0.07444076079787533,-0.004529554442625198,-0.24313409938524133,-0.9671214329051507,0.001946865115314722,-0.0007170807803049688,-0.0033328707795590162,0.28439285000000003,1.323897750000001,9.6889702
17.738096237182617,-0.074494211326675,-0.004548188231476859,-0.24307671266781905,-0.967131655061106,0.0016191492322832346,0.00022085977252572742,-0.0027536004781723022,0.28439285000000003,1.323897750000001,9.6889702
17.786823511123657,-0.07454414226509981,-0.004562793993319338,-0.24303293693022332,-0.9671387404772931,0.0021334378980100155,7.359421579167214e-5,-0.0026563007850199938,0.28439285000000003,1.323897750000001,9.6889702
17.835490465164185,-0.07460027740317479,-0.004605788759624098,-0.24295475920673054,-0.9671538503775243,0.0026220025029033422,0.0017025920096784826,-0.004255133680999279,0.28439285000000003,1.323897750000001,9.6889702
17.892558813095093,-0.07465836563626017,-0.004650107347700313,-0.242886939858467,-0.9671661901598747,0.002422420307993889,0.0008260728791356082,-0.0036851055920124054,0.28439285000000003,1.323897750000001,9.6889702
17.932342767715454,-0.07471583705607766,-0.0046974502275983964,-0.24283188334897488,-0.9671753481574883,0.003104263450950384,0.001331442035734653,-0.003260356141254306,0.28439285000000003,1.323897750000001,9.6889702
17.99026393890381,-0.07477392072132165,-0.0047461380481293855,-0.24276021984048674,-0.9671886117074519,0.0026341136544942856,0.001041314448229968,-0.004560801200568676,0.28439285000000003,1.323897750000001,9.6889702
18.055368423461914,-0.07481496706135163,-0.00478437318833897,-0.24270162627994463,-0.9671999540311578,0.0019616526551544666,0.0009315989445894952,-0.0035264298785477877,0.28439285000000003,1.3337044000000011,9.6889702
18.091942310333252,-0.07484969890934003,-0.004831692006571838,-0.2426298775196175,-0.9672150328961757,0.0021236948668956757,0.0013098594499751921,-0.00400886032730341,0.28439285000000003,1.3337044000000011,9.6889702
18.137882709503174,-0.07489013418992577,-0.0048802071052984125,-0.2425738739809608,-0.9672257063589104,0.0016257030656561255,0.0012370140757411714,-0.003343363292515278,0.28439285000000003,1.3337044000000011,9.6889702
18.187272787094116,-0.07493194982766652,-0.0049304270023304625,-0.24249881295873776,-0.96724103485026,0.0020671007223427296,0.0008718904573470349,-0.004557299427688122,0.28439285000000003,1.3337044000000011,9.6889702
18.235512733459473,-0.07496620779068386,-0.004974266559762157,-0.24243382519719286,-0.967254446752215,0.0020626867190003395,0.0011057597585022445,-0.003730910597369075,0.28439285000000003,1.3337044000000011,9.6889702
18.293797254562378,-0.07500547801365276,-0.005033787737132789,-0.24234435202471222,-0.9672735157599857,0.0015706344274803996,0.0016003131167963143,-0.004395310766994953,0.28439285000000003,1.3337044000000011,9.6889702
18.345115184783936,-0.07503753684139428,-0.0050946039597384645,-0.24227712825590347,-0.9672875509378495,0.0018034116365015507,0.0015616869786754246,-0.0034740553237497807,0.28439285000000003,1.3337044000000011,9.6889702
18.38134002685547,-0.07506144651470822,-0.005151681662343677,-0.24222953171160821,-0.9672973138544037,0.0016272772336378694,0.002184420824050903,-0.003137359628453851,0.28439285000000003,1.3337044000000011,9.6889702
18.451308727264404,-0.07507779278950538,-0.005233091393559839,-0.24216163481325398,-0.9673126084203053,0.0015214497689157724,0.002260520355775952,-0.0036328192800283436,0.28439285000000003,1.3337044000000011,9.6889702
18.494470357894897,-0.07508654950761055,-0.00529511146134115,-0.2421075424009584,-0.9673251313752896,0.0010523771634325385,0.0025288437027484174,-0.003412420861423016,0.28439285000000003,1.3337044000000011,9.6889702
18.540066242218018,-0.0750762997879704,-0.005360921693396157,-0.24203285268549452,-0.9673442551386067,0.00013606902211904526,0.002303501591086387,-0.0034285793080925946,0.2941995,1.3435110500000012,9.6889702
18.588825225830078,-0.0750635121724016,-0.00543455924869833,-0.24197782664557888,-0.9673586026484688,-0.00030275166500359774,0.002955334028229117,-0.0031753629446029667,0.2941995,1.3435110500000012,9.6889702
18.638432502746582,-0.07504204787432364,-0.005505392545248815,-0.2419118759130061,-0.9673763621238638,-0.0002704787766560912,0.0022679946850985284,-0.0036987960338592534,0.2941995,1.3435110500000012,9.6889702
18.685683012008667,-0.07502513685719057,-0.005571900475356522,-0.24183456010601512,-0.9673966240911649,0.00016737193800508976,0.00247407192364335,-0.004505760967731476,0.2941995,1.3435110500000012,9.6889702
18.734527826309204,-0.07499169588716093,-0.0056206652526800465,-0.24177171776290401,-0.967414642312209,-0.0006591227138414979,0.0022127402480691667,-0.0030048245098441844,0.2941995,1.3435110500000012,9.6889702
18.785344123840332,-0.07496332338200015,-0.005667021060192879,-0.24169541571880132,-0.9674356366396396,-0.0005980202695354819,0.0015749521553516384,-0.004159496631473303,0.2941995,1.3435110500000012,9.6889702
18.833582639694214,-0.07492025236595104,-0.005687482342442401,-0.24164466238958077,-0.967451531327876,-0.0015509133227169514,0.0012239174684509633,-0.0025480445474386215,0.2941995,1.3435110500000012,9.6889702
18.882290363311768,-0.07489082682310755,-0.005699837009220484,-0.24157896352599145,-0.9674701443959535,-0.0009722630493342876,-0.00017442839452996888,-0.0030110569205135107,0.2941995,1.3435110500000012,9.6889702
18.93282985687256,-0.07485609341939034,-0.00568665272079502,-0.24153222671099062,-0.967484579059972,-0.0014222878962755203,-0.00042030494660139116,-0.002759617520496249,0.2941995,1.3435110500000012,9.6889702
18.99131417274475,-0.07482781556436574,-0.00566803840048622,-0.24148871469530742,-0.9674977374822973,-0.001435286016203463,-0.0008217266295105222,-0.002224288647994399,0.2941995,1.3435110500000012,9.6889702
19.04151940345764,-0.0747990876361255,-0.0056300253931696525,-0.2414406645288772,-0.9675121729542888,-0.0016137075144797564,-0.0013809346128255133,-0.002985592931509018,0.26477955,1.3435110500000012,9.7085835
19.09693455696106,-0.07478215184057299,-0.0055677028241768655,-0.24137138462958774,-0.9675311287671062,-0.0013089159037917852,-0.0023929763119667773,-0.003458786522969603,0.26477955,1.3435110500000012,9.7085835
19.136205911636353,-0.07474883620051859,-0.00551499511977322,-0.24133668391910484,-0.9675426612353727,-0.00205594371072948,-0.002225458854809404,-0.002024810761213302,0.26477955,1.3435110500000012,9.7085835
19.18877935409546,-0.07472955651571131,-0.0054305445956953765,-0.24129536920040084,-0.9675549324822863,-0.0019491142593324184,-0.003807376371696592,-0.0017867684364318843,0.26477955,1.3435110500000012,9.7085835
19.244089603424072,-0.07470849877294793,-0.005350254255092084,-0.24124475721256455,-0.9675696264910081,-0.0015486553311347961,-0.0026026582345366482,-0.0022991211153566833,0.26477955,1.3435110500000012,9.7085835
19.28402090072632,-0.07468607305540431,-0.0052759492804271895,-0.2412014848331277,-0.9675825538759198,-0.002330925315618515,-0.0030662296339869504,-0.0020630953367799516,0.26477955,1.3435110500000012,9.7085835
19.338173389434814,-0.07466385604224238,-0.00519567199192402,-0.24115820755218403,-0.967595490131942,-0.0017428495921194553,-0.0025329235941171646,-0.0015461216680705545,0.26477955,1.3435110500000012,9.7085835
19.392475128173828,-0.0746185818876301,-0.005122805796175744,-0.24112174866768504,-0.9676084571857003,-0.0024804030545055866,-0.0024962632451206446,-0.0016094655729830263,0.26477955,1.3435110500000012,9.7085835
19.439908266067505,-0.0745955067025715,-0.005052796823769779,-0.2410506164507047,-0.9676283273720234,-0.0018184551736339927,-0.002259107539430261,-0.00287079787813127,0.26477955,1.3435110500000012,9.7085835
19.494829177856445,-0.07455651594681537,-0.004994541600967849,-0.24100342837631894,-0.9676433888550724,-0.002930957591161132,-0.002356749260798097,-0.0023025898262858386,0.26477955,1.3435110500000012,9.7085835
19.546504259109497,-0.07452103804876536,-0.004943264041336929,-0.2409479767904864,-0.967660194236243,-0.0016902582719922066,-0.0022191656753420834,-0.0021482377778738733,0.2745862,1.323897750000001,9.67916355
19.587666511535645,-0.07447238105702336,-0.004875014570211888,-0.2408995986066863,-0.9676763312615304,-0.002593542914837599,-0.002730060368776322,-0.0018899468705058094,0.2745862,1.323897750000001,9.67916355
19.636491537094116,-0.07441919653841317,-0.004816481121052789,-0.2408574037137416,-0.96769121922877,-0.0022917711175978184,-0.002205889206379652,-0.001437813742086291,0.2745862,1.323897750000001,9.67916355
19.68439245223999,-0.0743705715491141,-0.004749106541054537,-0.2407913824803618,-0.9677117206057371,-0.002932014176622033,-0.0024839397519826893,-0.0021308935247361656,0.2745862,1.323897750000001,9.67916355
19.734960556030273,-0.0743177538730474,-0.004668148942641648,-0.24074819098698608,-0.9677269182890431,-0.003565306542441249,-0.002872542012482882,-0.002185893943533301,0.2745862,1.323897750000001,9.67916355
19.781537294387817,-0.0742686819004777,-0.004583337426870538,-0.24070268254991567,-0.9677424112438555,-0.0029118983075022697,-0.0026030947919934992,-0.0017882878892123697,0.2745862,1.323897750000001,9.67916355
19.840835332870483,-0.07422863488715037,-0.0045028231662401,-0.2406558234713247,-0.9677575155872787,-0.0021025235764682293,-0.002777770161628723,-0.0016263860743492837,0.2745862,1.323897750000001,9.67916355
19.88917112350464,-0.07418561062568345,-0.004414726282980313,-0.24062374803321057,-0.9677691962706763,-0.001740992534905672,-0.0032386386301368475,-0.0011579766869544979,0.2745862,1.323897750000001,9.67916355
19.938049793243408,-0.07417415185715409,-0.004331462253122128,-0.24057328303989245,-0.967782996915336,-0.0010547423735260963,-0.003116835374385119,-0.002145428908988833,0.2745862,1.323897750000001,9.67916355
19.989410400390625,-0.07414314022149088,-0.004240440238397181,-0.240540195935041,-0.9677940005828788,-0.0015932070091366768,-0.003238056553527713,-0.001246280269697308,0.2745862,1.323897750000001,9.67916355
20.04146456718445,-0.07413990211940522,-0.004132322016712354,-0.2405017381342795,-0.9678042740052688,-0.0010467172833159566,-0.004595919977873564,-0.001464436994865536,0.30400615,1.323897750000001,9.6889702
